trans_x	trans_y	trans_z	rot_x	rot_y	rot_z	dvars_std	dvars_nstd	dvars_vstd	framewise_displacement	aqi	aor
0.0	-0.0	0.0	-0.0	0.0	-0.0	n/a	n/a	n/a	n/a	0.0434034	0.00986
-0.0042	-0.0994	0.0505	-9.599310885968811e-05	5.235987755982988e-06	-0.0001361356816555577	0.97260827	53.19484711	0.94390276	0.16596823891356147	0.038417	0.00515
-0.0034	-0.0445	0.086	-0.000445058959258554	-0.00011344640137963142	-0.00010995574287564276	0.76016527	41.57570648	0.84795625	0.11589640891571976	0.0371151	0.00551
-0.0005	-0.0033	0.0971	-0.0006178465552059926	-0.00019547687622336493	-2.094395102393195e-05	0.78794557	43.09509277	0.84989591	0.07239149313214414	0.0367628	0.0059
0.0003	0.0269	0.0933	-0.0006981317007977319	-0.00030368728984701333	-3.839724354387525e-05	0.74758106	40.88743591	0.82835143	0.045097442586766553	0.037055	0.00658
-0.004	0.0325	0.0959	-0.0006894050545377602	-0.00032812189937493397	-0.00011519173063162575	0.72710901	39.76776123	0.82347374	0.017997787143782147	0.0377961	0.00662
-0.0015	0.0194	0.1131	-0.0005654866776461627	-0.00031415926535897925	-0.00010471975511965978	0.74155289	40.55773926	0.82475502	0.04021764932097592	0.0358589	0.00593
-0.0015	-0.003	0.1204	-0.0005113814708343385	-0.0002722713633111154	-8.552113334772214e-05	0.71876895	39.3116188	0.81392768	0.03545958653158127	0.0349072	0.00524
-0.001	0.0855	0.107	-0.0003769911184307752	-0.0002705260340591211	-9.599310885968811e-05	0.87396675	47.79984665	0.89016877	0.10973038285837616	0.0392068	0.00808
-0.0038	0.2078	0.1235	-0.0002600540585471551	-0.0005026548245743669	-0.0001605702911834783	1.04668808	57.24649048	0.99535305	0.1622821516361328	0.0496044	0.01659
-0.0104	-0.0231	0.1236	-1.7453292519943294e-06	-0.0006946410422937432	-0.0003961897402027128	1.19732177	65.48509979	1.0405829	0.2718957198016886	0.0389799	0.00498
-0.0143	-0.3857	0.1019	0.0004939281783143952	-0.000439822971502571	-0.0004433136300065597	1.62921822	89.10680389	1.25773204	0.4280807734080704	0.0321661	0.00218
-0.0181	-0.4758	0.0975	0.0007417649320975902	-0.00027925268031909274	-0.0004468042885105483	0.84730703	46.34174728	0.88977548	0.11889488517353312	0.0337155	0.00417
-0.0217	-0.3925	0.1235	0.0008255407361933179	-0.00032637657012293966	-0.0006440264939859076	0.82228261	44.97308731	0.86616716	0.12930609496874668	0.0309137	0.00337
-0.023	-0.1938	0.145	0.0008813912722571365	-0.0003595378259108319	-0.0007208209810736582	1.0138824	55.45225143	0.94678436	0.22979031394697308	0.0269446	0.0019
-0.0229	0.0229	0.1396	0.0009913470151327792	-0.00035430183815484887	-0.000726056968829641	1.11830544	61.16345978	0.98931919	0.2282213859193804	0.0299838	0.00359
-0.0218	0.1354	0.1261	0.0013334315485236678	-0.0003787364476827695	-0.0006702064327658224	0.87933445	48.09342194	0.88294653	0.14821848394913137	0.033245	0.00637
-0.02	0.1765	0.1141	0.001626646862858715	-0.0003089232776029963	-0.0006021385919380437	0.79346704	43.39707947	0.85941373	0.07645481626212995	0.0342696	0.00701
-0.017	0.1572	0.1161	0.0015655603390389136	-0.00030194196059501896	-0.0005742133239061344	0.79838794	43.6662178	0.86228928	0.029099655442984394	0.0337243	0.00599
-0.0166	0.0897	0.1238	0.001556833692778942	-0.00035604716740684323	-0.0005515240436302081	0.80497718	44.0266037	0.85535346	0.07987605666738609	0.0299152	0.00333
-0.0145	0.094	0.1219	0.0016877333866785165	-0.0004258603374866164	-0.0005078908123303499	0.82458204	45.09885025	0.86682271	0.020517304763960294	0.0317085	0.00303
-0.0137	0.1165	0.1403	0.0014835298641951804	-0.0006928957130417488	-0.00042935099599060504	0.92534554	50.60990524	0.92315648	0.0691889357189107	0.0381482	0.00549
-0.0158	-0.2416	0.1017	0.001614429558094755	-0.0006946410422937432	-0.0003316125578789226	1.57899904	86.36016846	1.21972392	0.41031917306316257	0.0264608	0.00058
-0.0192	-0.5833	0.0591	0.0022898719786165604	-0.0005201081170943102	-0.00034557519189487725	1.49523437	81.77882385	1.18077619	0.4308968989868597	0.0324991	0.00371
-0.0234	-0.5866	0.07	0.0024870941840919192	-0.0006579891280018621	-0.0003787364476827695	0.79170424	43.30066681	0.87051179	0.03681322360854013	0.0331141	0.00478
-0.0253	-0.4402	0.1001	0.002542944720155738	-0.0009250245035569946	-0.00042935099599060504	0.92462134	50.57029724	0.90497253	0.19707502299633936	0.026867	0.00198
-0.0245	-0.022	0.1181	0.0025778513051956248	-0.001350884841043611	-0.0004206243497306334	1.75183654	95.81316376	1.30353919	0.46047467843932366	0.0273771	0.00093
-0.0264	0.0858	0.0856	0.002933898472602468	-0.001509709802975095	-0.0003630284844148205	0.93430912	51.10015106	0.91825865	0.17082339973270702	0.0325841	0.00192
-0.0292	0.1185	0.0676	0.0031747539093776853	-0.001710422666954443	-0.0003665191429188092	0.80493432	44.02425766	0.85513707	0.0757529479629277	0.0344157	0.00235
-0.0325	0.126	0.0528	0.003162536604613725	-0.0018675022996339327	-0.00040840704496667313	0.77314425	42.28556442	0.85286473	0.0361592419745657	0.0361197	0.00287
-0.0301	0.068	0.0678	0.0033440508468211352	-0.0018151424220741027	-0.0003106686068549907	0.7896685	43.18932343	0.84594455	0.09198062789394611	0.0322372	0.00133
-0.0268	-0.0133	0.0647	0.0029688050576423546	-0.0016964600329384882	-0.00019198621771937622	0.79933131	43.71781158	0.83945293	0.11833052837250048	0.028331	0.00055
-0.0285	-0.1679	0.0591	0.0029478611066184224	-0.001762782544514273	-0.00026878070480712676	0.92525119	50.60474777	0.89213327	0.17010304748437338	0.0237669	0.00027
-0.0266	-0.2038	0.0673	0.002949606435870417	-0.001778490507782222	-0.00023911010752322313	0.70121217	38.35138321	0.80818079	0.04835619449019238	0.0225759	0.00034
-0.0262	-0.1891	0.0587	0.002998475654926258	-0.0018622663118779497	-0.00023911010752322313	0.6946708	37.99361801	0.80113043	0.03033225115757845	0.0226974	0.00023
-0.0237	0.0113	0.09	0.003157300616857742	-0.0020839231268812296	-0.0001064650843716541	1.16994178	63.98760223	1.0094885	0.25985634000431657	0.0287508	0.00121
-0.0186	0.0199	0.065	0.003003711642682241	-0.0018133970928221085	1.2217304763960308e-05	0.96183348	52.60554123	0.93618709	0.06583986986851183	0.0344472	0.00232
-0.019	-0.2441	0.0128	0.0033353242005611634	-0.0016441001553786586	-0.0001064650843716541	1.30287075	71.25788879	1.08106497	0.3475795942228994	0.0266909	0.00054
-0.0155	-0.26	-0.0029	0.003190461872645634	-0.0014381513036433276	5.235987755982988e-06	0.76883167	42.04969788	0.8473871	0.05822561258892486	0.0274175	0.00058
-0.0075	-0.2001	0.0104	0.002621484536495483	-0.0008569566627292158	0.0001186823891356144	0.84049308	45.96907425	0.87375352	0.1443809189221947	0.0282137	0.00058
0.015	-0.0983	-0.0222	0.0020804324683772408	-7.155849933176751e-05	0.0004729842272904633	0.98027802	53.61432648	0.94299514	0.24093760348352697	0.0343518	0.00235
0.0128	-0.0615	-0.0029	0.002436479635784084	-0.0002652900463031381	0.000635299847725936	0.78918445	43.16284943	0.85877244	0.09390471674068432	0.0302103	0.001
0.0113	-0.0044	0.0065	0.0027977627909469105	-0.00043458698374658803	0.0007504915783575615	0.70512915	38.56561661	0.80463724	0.1002885911618951	0.0298275	0.00072
0.0101	0.066	0.0066	0.0030455995447301047	-0.0006806784082777885	0.0008028514559173916	0.72363842	39.57794189	0.80764209	0.09901440279371124	0.0308316	0.00075
0.0113	0.0928	0.0022	0.003118903373313867	-0.0008011061266653974	0.0007853981633974483	0.70235008	38.41362	0.80630465	0.042959241974565694	0.0315728	0.00086
0.0121	0.0766	0.0045	0.0034086280291449255	-0.0008395033702092724	0.0007801621756414653	0.71852714	39.29839325	0.81498251	0.035967894356545835	0.0297292	0.00048
0.0139	0.1183	0.0015	0.0038449603421435077	-0.000890117918517108	0.0008779006137531476	0.77730596	42.51317978	0.84354598	0.07573426497090499	0.0334262	0.00076
0.0141	-0.1016	0.0036	0.0037419859162758423	-0.0009686577348568529	0.0009197885158010115	1.12225664	61.37956238	0.98822517	0.2333701072127637	0.0232795	5e-05
0.0134	-0.13	0.0131	0.0040229839258469294	-0.0009599310885968812	0.0009093165402890458	0.759848	41.55835342	0.83044134	0.053609831567151246	0.0223461	0.0001
0.0136	-0.0593	0.0053	0.004600687908257053	-0.00119729586686811	0.0009546951008408983	0.83670104	45.76167297	0.86871804	0.12172236606166024	0.0253789	6e-05
0.0166	-0.3278	-0.006	0.0050841441110594816	-0.0011047934165124105	0.001192059879112127	1.27719283	69.85348511	1.05941894	0.32346617157146773	0.0208954	0.00012
0.0165	-0.1908	0.0147	0.0052115531464550675	-0.0012095131716320703	0.0011798425743481666	0.94446868	51.6558075	0.90104998	0.17001730476396026	0.0204043	0.0001
0.0169	-0.1297	0.0043	0.005551892350593962	-0.0011431906600562858	0.0012775810124598492	0.84084553	45.98834991	0.86296255	0.09712000769131807	0.0219609	0.00011
0.0188	-0.2401	0.0063	0.005691518690753509	-0.0010088003076527223	0.0013700834628155487	0.87329423	47.76306534	0.87657113	0.13262595714594047	0.0185599	4e-05
0.0157	0.0171	0.0161	0.005625196179177724	-0.0011257373675363424	0.001296779634231787	1.22868907	67.20066833	1.02559559	0.2829281700021583	0.0256978	8e-05
0.0174	-0.1009	0.003	0.005848598323432999	-0.000926769832808989	0.001420698011123384	0.86232656	47.16321182	0.86326575	0.16011440279371128	0.0207734	8e-05
0.0188	0.0136	0.0125	0.0058695422744569304	-0.0010175269539126942	0.0014311699866353504	0.89051861	48.70511627	0.87551063	0.13150865238198015	0.0245482	8e-05
0.0196	0.0531	-0.0045	0.006190682856823887	-0.0009494591130849152	0.0014870205226991688	0.80658448	44.11450958	0.85730472	0.07955294796292771	0.0287608	0.00018
0.0209	-0.1725	-0.0045	0.0062447880636357115	-0.0007243116395776468	0.0017174039839624202	1.14166152	62.44087601	0.9913657	0.2523818070791172	0.0193141	3e-05
0.0225	-0.0322	0.0038	0.0063948863793072235	-0.0008342673824532895	0.0016859880574265225	0.91842091	50.23117828	0.88875524	0.16477349925415255	0.023469	6e-05
0.0222	-0.2125	-0.0018	0.006187192198319898	-0.0006998770300497262	0.0017086773377024485	1.01253116	55.37834549	0.92598906	0.20443869068334072	0.0187574	4e-05
0.0235	-0.1192	0.0047	0.00629714794119554	-0.0007714355293814937	0.001673770752662562	0.82049018	44.87505341	0.84775958	0.1119210413623648	0.02034	5e-05
0.0254	-0.1827	-0.008	0.006263986685407648	-0.00062482787221397	0.0017575465567582897	0.78742582	43.06666565	0.83663018	0.09127723585255715	0.0190772	4e-05
0.0272	-0.1099	0.0104	0.006258750697651665	-0.0006946410422937432	0.001748819910498318	0.82526064	45.13596344	0.84807212	0.0971887902047864	0.0206019	3e-05
0.0292	-0.1067	-0.0056	0.006510078109938849	-0.0006056292504420323	0.0019024088846738192	0.79850972	43.67287827	0.84515945	0.04589640891571978	0.0216756	5e-05
0.0355	-0.226	0.005	0.006379178416039275	-0.0004991641660703782	0.002178170906488923	0.88075262	48.17098618	0.8780946	0.16185634000431656	0.0179114	2e-05
0.0351	0.0281	0.0353	0.006302383928951523	-0.000635299847725936	0.0022497294058206906	1.25110924	68.42689514	1.0414831	0.2990244334037539	0.0272613	0.00012
0.0355	-0.1602	0.0061	0.0064053583548191895	-0.0004049163864626844	0.0023701571242082994	1.05965674	57.95578384	0.94579967	0.24058928027592635	0.019788	0.00011
0.0367	-0.1949	0.0329	0.006541494036474748	-0.0003787364476827695	0.0024870941840919192	0.81301516	44.46622467	0.85439785	0.07666263401595462	0.0172449	8e-05
0.0382	-0.0262	0.0505	0.0071471232869167785	-0.00042935099599060504	0.0025865779514555962	1.02637684	56.13561249	0.9393662	0.2255863783056772	0.0225921	0.00012
0.041	-0.2309	0.0145	0.006517059426946826	-0.00027750735106709843	0.0026668630970473357	1.06602776	58.30423737	0.95122017	0.2866096325242599	0.0173087	3e-05
0.04	-0.2089	0.0131	0.005213298475707063	7.330382858376184e-05	0.0023596851486963333	0.82709837	45.2364769	0.86788066	0.12248750396208127	0.0184141	6e-05
0.0416	-0.108	0.0051	0.003040363556974122	0.0007714355293814937	0.0018989182261698304	1.05902648	57.92131805	0.98348879	0.2770916771028588	0.0246903	0.0003
0.0393	-0.0502	0.0096	0.0036250488563922224	0.0004572762640225143	0.002082177797629235	0.75492734	41.28922653	0.8339566	0.1187052068118242	0.0235283	0.0001
0.036	0.1366	0.0487	0.0038798669271833948	0.00015533430342749534	0.0021380283336930534	1.07654631	58.87952805	0.96964178	0.2598305283725005	0.0331424	0.00109
0.0315	0.2289	0.0756	0.004427900312309613	-0.000312413936106985	0.002022836603061428	0.98914361	54.09921265	0.96163242	0.18024866776461623	0.044818	0.00711
0.03	-0.1676	0.0259	0.004565781323217166	-0.0001658062789394613	0.0019617500792416262	1.71584964	93.84493256	1.29538208	0.464978759594744	0.0229498	0.00016
0.0221	-0.4689	0.0226	0.004954989746411901	6.9813170079773176e-06	0.0018797196043978928	1.45711744	79.69409943	1.15739547	0.34470132469929543	0.021405	0.00031
0.0175	-0.2583	0.0652	0.0049131018443640375	-0.0002199114857512855	0.0017174039839624202	1.13817847	62.25037384	0.98945656	0.27935481626213	0.0158376	2e-05
0.0154	-0.2704	0.079	0.004972443038931845	-0.0001064650843716541	0.0017278759594743865	0.82325858	45.02646637	0.85726128	0.03716297857297025	0.0154766	3e-05
0.0126	-0.1192	0.0994	0.004738568919164605	-0.0002513274122871834	0.0015358897417550098	0.96343863	52.69333267	0.90686077	0.20293613327010723	0.0159572	7e-05
0.01	-0.0082	0.0843	0.0048520153205442364	-0.0002600540585471551	0.0014782938764391971	0.874946	47.853405	0.87721013	0.1376884456477708	0.0193146	5e-05
0.0066	-0.0153	0.0965	0.004961971063419879	-0.0003351032163829112	0.0013857914260834976	0.72764939	39.79731369	0.81402336	0.036575367553354894	0.0180798	3e-05
0.0065	0.079	0.0807	0.005061454830783556	-0.00041538836197465044	0.0013526301702956054	0.8314817	45.47621155	0.86453997	0.12084650843716542	0.0233101	8e-05
0.0076	-0.0374	0.0792	0.004836307357276287	-0.0004485496177625427	0.0013072516097437528	0.85696054	46.86972809	0.86840234	0.13418436449235066	0.0183445	3e-05
0.0068	0.0542	0.0734	0.004696681017116741	-0.0005026548245743669	0.0012688543661998775	0.84206325	46.05495071	0.87017638	0.10980643952576231	0.0235393	0.00011
0.0041	-0.1944	0.0687	0.0048467793327882525	-0.00040317105721069014	0.001270599695451872	1.20762014	66.04834747	1.01935632	0.2685663706143592	0.0164276	6e-05
0.001	-0.1277	0.0713	0.004778711491960474	-0.0005672320068981572	0.0011013027580084218	0.77457482	42.36380768	0.82980506	0.09247128639793478	0.0173107	4e-05
-0.0015	-0.2563	0.0665	0.004806636759992383	-0.0004729842272904633	0.0011065387457644049	0.90117437	49.28791428	0.88055924	0.1422704517697793	0.0162246	5e-05
-0.0012	-0.1369	0.0824	0.004738568919164605	-0.000609119908946021	0.001090830782496456	0.91061658	49.80433655	0.88406684	0.1465955742875642	0.0171177	2e-05
0.0004	-0.2072	0.0621	0.004836307357276287	-0.00045553093477052	0.001181587903600161	0.85304481	46.65556335	0.86579909	0.10930422666954442	0.0165899	1e-05
-0.0005	-0.1065	0.0851	0.004773475504204492	-0.0005375614096142535	0.0011746065865921838	0.9068948	49.60078049	0.8843355	0.13219218224617532	0.017311	4e-05
-0.0006	-0.0562	0.0563	0.0048904125640881115	-0.0004520402762665313	0.0011903145498601325	0.86313897	47.20764542	0.87772181	0.09010830782496453	0.0197569	0.0001
-0.002	-0.1356	0.07	0.004850269991292241	-0.0004729842272904633	0.0011344640137963143	0.86050379	47.06351852	0.87259843	0.10034685299418104	0.0169375	4e-05
-0.0012	0.0701	0.056	0.00486946861306418	-0.0005375614096142535	0.0010925761117484504	1.16032898	63.46185303	1.01406167	0.22678318530717967	0.0262161	0.00017
-0.0012	-0.1985	0.0497	0.004792674125976429	-0.00041713369122664475	0.0010681415022205296	1.30920553	71.60435486	1.07354872	0.28598284075016406	0.017279	7e-05
-0.002	0.0152	0.0719	0.004822344723260333	-0.0006283185307179585	0.0009599310885968812	1.13229287	61.92847443	0.98427538	0.2541532925199433	0.0225298	9e-05
-0.0001	-0.2023	0.0428	0.005033529562751646	-0.000450294947014537	0.0010367255756846318	1.15612912	63.23214722	0.99407319	0.27180014551412424	0.0175486	4e-05
0.0002	-0.0847	0.0788	0.004970697709679851	-0.0005427973973702365	0.0010384709049366262	0.90485483	49.48920822	0.88273104	0.1617539816339744	0.0180511	6e-05
0.0006	-0.1867	0.0533	0.005324999547834699	-0.0003612831551628262	0.0011152653920243766	0.88012892	48.13687515	0.87456368	0.15853052837250042	0.0167576	8e-05
-0.0016	-0.1125	0.0698	0.005199335841691108	-0.00047123889803846896	0.0010629055144645468	0.83163482	45.48458862	0.85383699	0.1072989663289532	0.0173797	6e-05
0.0001	-0.1279	0.0349	0.0053825954131505125	-0.0003089232776029963	0.0011641346110802177	0.80273533	43.90398788	0.84699166	0.07434021442552742	0.0184702	7e-05
0.004	-0.1063	0.0583	0.0054105206811824215	-0.00037524578917878077	0.0012199851471440364	0.82339561	45.03396225	0.85292513	0.056404915783575614	0.0176782	3e-05
0.006	-0.0216	0.0337	0.005656612105713622	-0.00035081117965086024	0.001256637061435917	0.89069533	48.71478271	0.89071651	0.12665889741755007	0.0226063	5e-05
0.0071	-0.1778	0.049	0.0055920349233898325	-0.0002530727415391778	0.0013631021458075715	0.99057674	54.17759705	0.92362542	0.18603903524035637	0.0162657	5e-05
0.0069	-0.0112	0.0404	0.0057037359955174685	-0.0003438298626428829	0.001335176877775662	1.00438356	54.93273163	0.93310809	0.18691917306316252	0.0218326	6e-05
0.0092	-0.1989	0.0486	0.005674065398233566	-0.0001937315469713706	0.0015393804002589986	1.0607388	58.01496887	0.95274644	0.2173986217719376	0.0158977	6e-05
0.0102	-0.0119	0.0537	0.005806710421385134	-0.00031415926535897925	0.0015655603390389136	1.03945386	56.85083389	0.93992794	0.20706263401595457	0.0211313	6e-05
0.0175	-0.2324	0.0361	0.00570024533701348	-0.00019024088846738194	0.0019285888234537342	1.11858428	61.17871094	0.97602388	0.2750705972839036	0.0162582	6e-05
0.0197	-0.025	0.0627	0.0057805304826052195	-0.0003089232776029963	0.0021135937241651332	1.10478091	60.42375946	0.96225948	0.2553986217719377	0.0207607	8e-05
0.0246	-0.1976	0.032	0.005932374127528725	-0.00020420352248333657	0.0022846359908605773	1.00923526	55.19808578	0.92361629	0.22958028333693048	0.0168158	4e-05
0.0272	-0.1666	0.044	0.0056635934227216	-0.0002722713633111154	0.002309070600388498	0.82364184	45.04742813	0.85891492	0.06366415775814124	0.0173755	4e-05
0.0247	0.1179	0.0795	0.005707226654021458	-0.0004904375198104066	0.002305579941884509	1.4627949	80.00461578	1.16969238	0.33576450231515687	0.0326765	0.00217
0.0302	0.035	0.0463	0.005005604294719737	-0.0004380776422505767	0.0024399702942880727	0.93454176	51.11287689	0.92566395	0.16601862946325574	0.0346913	0.00332
0.0325	-0.2839	-0.0309	0.005234242426730994	-0.00034208453339088857	0.0023963370629882146	1.4741081	80.62336731	1.15568623	0.41681322360854006	0.0259009	0.00042
0.0324	-0.4189	-0.0518	0.005319763560078716	0.0002670353755551324	0.0020717058221172693	1.06483686	58.23910522	0.98473759	0.2069636141582344	0.0257651	0.00081
0.0388	-0.3194	-0.0361	0.004180063558526419	0.0007888888219014368	0.0019041542139258136	1.01614845	55.57618713	0.96257718	0.2130552528045028	0.0262474	0.00092
0.0326	-0.1902	-0.0224	0.005426228644450371	0.000296705972839036	0.0018151424220741027	0.94037628	51.43198395	0.92314792	0.2404679863419032	0.0239474	0.0002
0.0359	-0.0239	0.0055	0.005433209961458348	0.00017453292519943296	0.0019111355309337906	0.9475947	51.82677841	0.90205931	0.20875737367536343	0.0249547	0.0001
0.0328	0.1609	-0.0048	0.005729915934297383	0.0001291543646475804	0.0019216075064457567	1.0251466	56.06832123	0.95715226	0.21582782544514265	0.0342489	0.00063
0.0311	0.0678	-0.0172	0.005763077190085277	0.0001972222054753592	0.0020106192982974674	0.80793375	44.1883049	0.85264435	0.11671204442336916	0.0278834	0.00016
0.0309	0.1319	-0.0138	0.0057752944948492365	0.00017104226669544429	0.001965240737745615	0.79959786	43.73239136	0.85267055	0.07188879020478635	0.0318938	0.00038
0.032	0.0514	-0.0236	0.005859070298944964	0.0003316125578789226	0.00209614043164519	0.8314895	45.47663879	0.86918557	0.11016228945893904	0.0285262	0.0002
0.0353	-0.0973	-0.0092	0.005827654372409066	0.00039793506945470715	0.0022026055160168437	0.94307095	51.57936096	0.90847639	0.17661017612416682	0.0217899	4e-05
0.0355	-0.0243	0.0038	0.005925392810520749	0.00032812189937493397	0.0022444934180647076	0.81784713	44.73049927	0.85428737	0.096671975511966	0.0236831	5e-05
0.0372	-0.2694	-0.0191	0.006024876577884425	0.0004747295565424576	0.0023963370629882146	1.1896764	65.06694794	1.0059604	0.28959675347273534	0.0203288	6e-05
0.0358	-0.2124	0.0035	0.005499532473034132	0.0003316125578789226	0.002408554367752175	0.8200773	44.85247421	0.85473662	0.11503392041388937	0.0193265	7e-05
0.0362	-0.1556	-0.0132	0.005581562947877866	0.0003961897402027128	0.0025115287936198403	0.80559516	44.06040192	0.8491625	0.08637910415175945	0.020999	7e-05
0.035	-0.2888	-0.018	0.0055152404363020815	0.0005445427266222308	0.0026581364507873638	0.91322404	49.94694519	0.89099628	0.15726415775814132	0.0203234	6e-05
0.0373	0.0029	0.0114	0.00473682358991261	0.0004049163864626844	0.0025516713664157096	1.38799524	75.91359711	1.10762356	0.3746254135460336	0.0261683	0.00016
0.0469	-0.0829	-0.0315	0.004340633849709897	0.0012514010736799342	0.002574360646691636	0.85622787	46.82965469	0.88809461	0.20156818538479448	0.027123	0.00041
0.0521	-0.0437	-0.0907	0.005126032013107346	0.0011676252695842063	0.0027838001569309555	0.83952808	45.9162941	0.88160622	0.1575306738866248	0.0305063	0.00043
0.0499	-0.0865	-0.078	0.0050736721355475155	0.0010122909661567112	0.0027838001569309555	0.75392294	41.23429489	0.83034757	0.06808470904936627	0.0267885	0.00018
0.0487	0.1471	-0.0457	0.005181882549171164	0.0007138396640656808	0.0028623399732707008	1.17122972	64.05804443	1.01378035	0.2913600766027212	0.0373517	0.00134
0.0504	-0.0451	-0.0622	0.005457644570986268	0.0008429940287132613	0.002958333082130389	1.05004418	57.4300499	0.95259176	0.23544547476611868	0.0278503	0.00023
0.0484	-0.0413	-0.043	0.0055431657043339905	0.0007627088831215222	0.0030525808617380824	0.77661097	42.47517014	0.83702962	0.03800270292735776	0.0256239	0.00012
0.0452	0.0054	-0.0435	0.005770058507093254	0.0006684611035138282	0.003001966313430246	0.79977661	43.74216843	0.84969149	0.06898775653373972	0.0279605	0.00031
0.0471	-0.1881	-0.0356	0.005794493116621174	0.0006911503837897545	0.003043854215478111	1.09536433	59.908741	0.98313449	0.20775058959258552	0.0214599	8e-05
0.0475	0.0584	-0.0123	0.0058468529941810045	0.0005131268000863328	0.0030176742766981957	1.26489151	69.18068695	1.05501721	0.28302817000215835	0.0297117	0.00033
0.0491	-0.1134	-0.0466	0.0057752944948492365	0.0006597344572538566	0.0030508355324860886	1.02651274	56.1430397	0.94068664	0.22026637061435925	0.0248812	9e-05
0.0504	-0.245	-0.0503	0.005717698629533424	0.0006859143960337716	0.0030613075079980543	0.91827893	50.22341156	0.89985539	0.14131238898038467	0.0219412	8e-05
0.0478	-0.0538	-0.029	0.005518731094806069	0.0005585053606381855	0.002975786374650332	1.049119	57.37944412	0.94310769	0.23569488517353313	0.0252188	7e-05
0.0502	-0.0976	-0.0408	0.00554665636283798	0.00062482787221397	0.0030281462522101614	0.74164069	40.56254196	0.81881986	0.06533038285837625	0.0248353	9e-05
0.0496	-0.1298	-0.0377	0.005633922825437696	0.0005253441048502931	0.0029792770331543207	0.72238851	39.50958252	0.81483677	0.04768097245096169	0.0233469	6e-05
0.0475	0.0325	-0.006	0.005754350543825304	0.00041015237421866745	0.002958333082130389	0.96770638	52.92674637	0.90852913	0.20892817000215827	0.0278558	0.00015
0.0468	-0.0913	-0.0288	0.0062238441126117785	0.00048171087355043494	0.002998475654926258	0.93437892	51.10396957	0.90198697	0.17635973204570554	0.0237209	0.0001
0.0427	-0.0571	0.0179	0.0061121430404841425	0.0003351032163829112	0.002886774582798621	0.87560791	47.88960648	0.88110701	0.10350049007113984	0.0217189	3e-05
0.042	0.0126	-0.0015	0.006567673975254662	0.00038048177693476387	0.0029146998508305304	0.89790004	49.1088295	0.89966013	0.11624173816771408	0.0267032	0.00016
0.0432	-0.1729	0.0062	0.00641408500107916	0.0003106686068549907	0.0029181905093345183	1.0852052	59.35311127	0.97257809	0.2057446401379632	0.0189186	5e-05
0.0384	0.0996	0.0384	0.00672824426643814	1.5707963267948964e-05	0.0027419122548830916	1.38092995	75.5271759	1.11690736	0.3487699081698724	0.0330891	0.00142
0.0427	-0.1894	0.0059	0.007258824359044416	0.00015533430342749534	0.0027192229746071652	1.37624836	75.27112579	1.09840559	0.36044478565208743	0.0212807	0.00017
0.0415	-0.4733	0.0151	0.007745771220350834	0.00027750735106709843	0.002775073510670984	1.37392223	75.14390564	1.10890769	0.3275485222504919	0.0193158	0.00027
0.0409	-0.212	0.0451	0.0076340701482231965	0.0001605702911834783	0.002633701841259443	1.22119308	66.79068756	1.01660453	0.3104004900711399	0.0169604	3e-05
0.0395	-0.3178	0.0758	0.008023278571417934	0.0003298672286269283	0.0026808257310632897	0.92237854	50.44763184	0.8916804	0.16818146252210173	0.0146687	0.0001
0.0372	-0.0853	0.1005	0.00788539756051038	0.0002722713633111154	0.0025464353786597265	1.14205694	62.46250153	0.97726318	0.2759933614313465	0.017016	7e-05
0.037	-0.1267	0.0808	0.008218755447641298	0.0004049163864626844	0.0026197392072434887	0.76541644	41.86290741	0.82817132	0.08826533694331251	0.0161806	6e-05
0.0389	-0.0035	0.1002	0.008382816397328765	0.0003700098014227979	0.002663372438543347	0.91239202	49.90143967	0.88595271	0.15663003830136055	0.0198554	4e-05
0.0409	-0.0932	0.081	0.008749335540247573	0.0005358160803622592	0.0027768188399229783	0.89325136	48.85457993	0.88665184	0.14318859116189503	0.017171	9e-05
0.042	-0.0811	0.1158	0.008948303074974929	0.0004747295565424576	0.0027419122548830916	0.83306289	45.56269455	0.86274761	0.0627480321793522	0.0169154	5e-05
0.0411	-0.1916	0.1094	0.009480628496833197	0.0006213372137099814	0.0027995081201989047	0.93283892	51.01974106	0.89631698	0.15462644721708027	0.0143337	9e-05
0.0435	-0.233	0.1367	0.009505063106361117	0.0006544984694978735	0.002874557278034661	0.84310347	46.11184311	0.863343	0.07773225115757841	0.0130756	0.00011
0.0452	-0.1992	0.1198	0.009702285311836477	0.0007435102613495844	0.002935643801854462	0.8174448	44.70849228	0.85683445	0.06976602605734357	0.0149812	8e-05
0.0459	-0.4184	0.1359	0.00965516142203263	0.0007627088831215222	0.0030124382889422127	1.10739982	60.56700134	0.97022365	0.24315584993317677	0.0129939	0.00018
0.0461	-0.2151	0.137	0.00955393232541696	0.0007609635538695277	0.0030281462522101614	1.03864527	56.80660629	0.92930605	0.21053411945678063	0.013128	8e-05
0.044	-0.3692	0.1392	0.009519025740377073	0.0007295476273336296	0.0030002209841782524	0.92852336	50.78371048	0.89167805	0.1631123889803847	0.0119925	0.00014
0.0438	-0.1374	0.1351	0.009456193887305276	0.0007243116395776468	0.002958333082130389	1.11573029	61.02261734	0.96549435	0.24159778714378208	0.0162201	6e-05
0.0421	-0.2906	0.1397	0.009346238144429635	0.0008063421144213803	0.003026400922958167	0.94143474	51.48987198	0.89537965	0.17250270292735767	0.0118085	6e-05
0.0417	-0.0397	0.1482	0.009512044423369096	0.0006527531402458793	0.0028763026072866553	1.22196102	66.83269501	1.02084599	0.28327467843932375	0.0197604	0.00014
0.0416	-0.301	0.1402	0.009779079798924228	0.0008395033702092724	0.0029443704481144336	1.25367987	68.56748962	1.03070463	0.2954926723173152	0.0119768	7e-05
0.0422	-0.0585	0.1499	0.009496336460101147	0.0006667157742618339	0.002825688058978819	1.21878588	66.65903473	1.01380362	0.28151066619530674	0.0187926	0.00014
0.043	-0.2934	0.1341	0.009466665862817244	0.0007417649320975902	0.002846632010002751	1.20606387	65.96322632	1.00821866	0.2577831853071796	0.0120733	6e-05
0.0415	-0.1369	0.1705	0.009363691436949578	0.0005881759579220891	0.0027628562059070234	1.03384042	56.54381561	0.93088381	0.21141696020694475	0.0150582	5e-05
0.0428	-0.2817	0.1349	0.009777334469672236	0.0007120943348136865	0.0029112091923265415	0.98642945	53.95076752	0.91063203	0.21599571980168872	0.0135623	0.0001
0.0399	-0.3075	0.1613	0.009293878266869804	0.0005899212871740833	0.002829178717482808	0.83560276	45.70160675	0.85981065	0.08948298626428838	0.0116894	9e-05
0.0405	-0.2427	0.1477	0.009512044423369096	0.0006440264939859076	0.0028885199120506156	0.81328726	44.4811058	0.84312123	0.09558062789394618	0.0129402	6e-05
0.0409	-0.3015	0.1689	0.009264207669585902	0.0006370451769779302	0.002933898472602468	0.80842346	44.21508789	0.84534385	0.09540983156715113	0.0106256	6e-05
0.0413	-0.1191	0.1723	0.009295623596121799	0.0005270894341022875	0.002883283924294633	1.01679814	55.61172104	0.92530946	0.19579931088596875	0.0149331	7e-05
0.0427	-0.3334	0.1611	0.009524261728133056	0.0006213372137099814	0.0030421088862261168	1.07922733	59.02616119	0.94882706	0.25098554367752174	0.0106665	6e-05
0.0442	-0.0665	0.1719	0.008892452538911109	0.00040317105721069014	0.002975786374650332	1.25950253	68.88594818	1.02524482	0.3250148928648512	0.0178506	6e-05
0.0461	-0.2429	0.1296	0.00890117918517108	0.0005305800926062762	0.0030717794835100195	1.02070379	55.82533646	0.9273058	0.23220643952576228	0.0127774	6e-05
0.0442	-0.1259	0.1644	0.008532914713000278	0.000291469985083053	0.0029373891311064567	0.92712253	50.7070961	0.88491358	0.19078824660487945	0.0142624	6e-05
0.0443	-0.1874	0.1166	0.008587019919812101	0.0003647738136668148	0.0030665434957540365	0.84779817	46.36861038	0.86068787	0.12222817000215824	0.0142813	6e-05
0.0429	-0.3066	0.1426	0.008302531251737025	0.00023911010752322313	0.003078760800517997	0.90580785	49.54133224	0.88649196	0.1677184839491314	0.0107519	5e-05
0.0426	-0.0976	0.1388	0.008091346412245713	-2.6179938779914945e-05	0.0029618237406343773	1.06853783	58.44151688	0.94348616	0.24277059728390352	0.0163888	3e-05
0.0479	-0.2453	0.108	0.006695083010650248	0.0005026548245743669	0.0029059732045705585	0.96654803	52.86339188	0.90579241	0.2828474350506783	0.0126131	1e-05
0.0424	-0.1965	0.1045	0.004991641660703782	0.0006283185307179585	0.0021851522234969008	0.86691219	47.41401291	0.8831842	0.1852963018581857	0.0147669	0.00015
0.0443	-0.143	0.1235	0.005599016240397809	0.00039968039870670147	0.0023788837704682713	0.78711665	43.0497551	0.84218755	0.12588721293383276	0.0131189	3e-05
0.0388	0.1624	0.1322	0.0066165431943105025	-6.283185307179586e-05	0.0023422318561763904	1.50962448	82.56586456	1.19082283	0.3954345559991536	0.0338385	0.00253
0.0419	-0.0457	0.0643	0.006967354373961363	-6.45771823237902e-05	0.00239459173373622	1.15274525	63.04707718	1.01356941	0.29934581932313425	0.0246868	0.00038
0.0375	-0.3512	0.0402	0.006803293424273897	-1.9198621771937625e-05	0.0022794000031045943	1.41287148	77.27415466	1.11459903	0.3502315620435473	0.0165379	8e-05
0.0385	-0.2824	0.0791	0.0065886179262785935	-0.00017278759594743863	0.002253220064324679	0.91767639	50.19045639	0.90530119	0.128422220547536	0.0144234	3e-05
0.0408	0.0232	0.1271	0.0065606926582466845	-0.0003787364476827695	0.002288126649364566	1.47449434	80.6444931	1.15169656	0.36933903524035633	0.0267389	0.00107
0.0452	-0.1766	0.0969	0.006550220682734718	-0.0002181661564992912	0.002535963403147761	1.06954956	58.49685669	0.95082136	0.2553439510239319	0.0190029	0.00017
0.0419	-0.3676	0.0551	0.0069097585086455495	-7.330382858376184e-05	0.0026581364507873638	1.10340917	60.34873962	0.96768108	0.26742866007329813	0.0169367	7e-05
0.0377	-0.3678	0.104	0.007396705369951969	-0.0003089232776029963	0.0023928464044842257	0.83892393	45.88325119	0.87939056	0.10269281783143965	0.0136258	0.00013
0.0393	-0.0914	0.1353	0.007276277651564359	-0.0004939281783143952	0.0022497294058206906	1.23237312	67.40216064	1.01146094	0.3317274808881272	0.0154824	3e-05
0.0407	-0.1046	0.152	0.007169812567192705	-0.00047647488579445195	0.0022706733568446224	0.71036071	38.85174561	0.81073286	0.038543116395776435	0.0132393	5e-05
0.0415	0.0128	0.1498	0.007216936456996553	-0.0005375614096142535	0.0023230332344044524	0.84549129	46.24243927	0.85547663	0.12842851455917395	0.0177228	5e-05
0.0416	0.0288	0.1446	0.007552039673379464	-0.0003961897402027128	0.002462659574563999	0.7516703	41.11109161	0.8315455	0.05210506129769992	0.0182456	5e-05
0.0422	-0.0882	0.1627	0.007497934466567639	-0.0003717551306747922	0.0025045474766118626	0.84014094	45.94981384	0.85693806	0.14172138591938047	0.013016	5e-05
0.0451	0.025	0.1666	0.007279768310068348	-0.0005288347633542819	0.0024766222085799536	0.9455958	51.717453	0.90676866	0.14015855286053447	0.0198184	9e-05
0.047	-0.1288	0.1412	0.00740543201621194	-0.00041015237421866745	0.002645919146023404	1.02750146	56.19711685	0.93919805	0.2017821516361328	0.014587	3e-05
0.0455	-0.4312	0.1511	0.00721170046924057	-0.00033335788713091696	0.0029181905093345183	1.36760175	74.79821777	1.09141078	0.34093986986851166	0.0125147	4e-05
0.0441	-0.2663	0.1436	0.007009242276009227	-0.0005026548245743669	0.002766346864411012	0.94183409	51.51171494	0.8912684	0.19997993877991496	0.0107822	1e-05
0.047	-0.3709	0.1328	0.006990043654237291	-0.00045902159327450867	0.002790781473938933	0.85500342	46.76268768	0.87043372	0.1226633231299858	0.0120541	3e-05
0.0497	-0.185	0.1329	0.006888814557621618	-0.0005742133239061344	0.00285012266850674	1.01609373	55.57319641	0.92738175	0.20248810109075527	0.0121517	5e-05
0.0528	-0.2934	0.1341	0.007178539213452678	-0.0004677482395344803	0.0031328660073298214	0.86602551	47.36551666	0.87271588	0.14664665395128976	0.0109422	6e-05
0.0517	-0.0306	0.1384	0.0067369709126981125	-0.0007155849933176752	0.0029443704481144336	1.24754333	68.23186493	1.02617056	0.3120950306876574	0.0175285	2e-05
0.0512	-0.1485	0.1208	0.0067160269616741795	-0.0006126105674500097	0.0029967303256742636	0.87187892	47.6856575	0.86871537	0.1448139127225714	0.0134826	4e-05
0.0453	0.0037	0.1396	0.0064071036840711824	-0.0007016223593017205	0.002804744107954888	0.95332307	52.1400795	0.90393652	0.20639606435870417	0.018715	4e-05
0.0387	-0.0918	0.123	0.006398377037811212	-0.0005619960191421741	0.0026249751949994717	0.84921229	46.44595337	0.86267106	0.13510609496874668	0.0140424	3e-05
0.0339	-0.02	0.1815	0.0067928214487619305	-0.0008237954069413235	0.002453932928304027	0.8769356	47.96222305	0.87198185	0.1764643032722656	0.016663	3e-05
0.0383	-0.1981	0.133	0.006162757588791978	-0.000291469985083053	0.0025778513051956248	1.09135997	59.6897316	0.96551023	0.295315382935991	0.0122285	3e-05
0.0509	-0.3154	0.1459	0.00419228086329038	0.001322959573011702	0.0022410027595607188	1.07420027	58.75121307	0.98499359	0.338887741461563	0.0139925	0.00012
0.0602	-0.2475	0.1774	0.003757693879543791	0.001574286985298885	0.0023998277214922034	0.89139646	48.75313187	0.89838921	0.15093696789826283	0.0126626	0.0001
0.0594	-0.18	0.2228	0.004113741046950634	0.0012130038301360591	0.0026092672317315226	0.85662341	46.85128784	0.87592004	0.16003849164044942	0.0111395	4e-05
0.0542	0.1285	0.3062	0.00529707427980279	0.0004729842272904633	0.0024836035255879313	1.61478293	88.31729126	1.24652674	0.4995508270920672	0.0302076	0.00441
0.0537	-0.1435	0.2074	0.005206317158699085	0.00042411500823462205	0.0024731315500759648	1.41578293	77.43338776	1.13647612	0.37880491578357567	0.0174024	0.00059
0.0469	-0.6484	0.1805	0.006267477343911637	0.0007400196028455958	0.002361430477948328	2.14275432	117.19361877	1.48618534	0.6130382925975582	0.0207161	0.00098
0.0413	-0.4326	0.2578	0.006607816548050532	0.000582939970166106	0.0020769418098732523	1.22211659	66.84120178	1.04598812	0.337795375244673	0.00946474	8e-05
0.0414	-0.3146	0.2811	0.006747442888210078	0.0006754424205218055	0.0020193459445574393	0.91029787	49.78690338	0.89118577	0.15588623279155295	0.00713015	4e-05
0.0407	-0.1546	0.3213	0.006586872597026601	0.0005270894341022875	0.0018867009214058703	0.9972806	54.54425049	0.91880161	0.22297841503772817	0.00871801	3e-05
0.0372	-0.0681	0.3072	0.006665412413366345	0.0005305800926062762	0.0018256143975860688	0.86369544	47.23807907	0.87827072	0.11125584993317673	0.0103774	4e-05
0.0361	-0.1273	0.3253	0.006752678875966061	0.00046425758103049166	0.0017749998492782332	0.77738446	42.51747513	0.83209492	0.08861017612416677	0.00797087	2e-05
0.0402	-0.0588	0.3118	0.00680852941202988	0.00040666171571467877	0.0018186330805780916	0.79130197	43.27866364	0.849369	0.09395398163397446	0.010955	4e-05
0.0425	-0.2249	0.3387	0.0069027771916375736	0.0004188790204786391	0.0018517943363659836	0.97059619	53.08480072	0.9046497	0.20228131700797727	0.00667107	2e-05
0.0437	-0.1495	0.3428	0.006485643500410928	0.00028099800957108706	0.001780235837034216	0.79394281	43.42309952	0.83637998	0.11202866007329824	0.0077849	4e-05
0.0426	-0.3813	0.3528	0.006757914863722044	0.0003473205211468716	0.0019355701404617114	1.13370669	62.00580215	0.96884071	0.26759640891571984	0.00830364	5e-05
0.0458	-0.3439	0.3753	0.006524040743954804	0.00023911010752322313	0.0019582594207376374	0.77750355	42.52398682	0.83584254	0.08133869068334072	0.00787073	5e-05
0.0468	-0.322	0.3553	0.00662352451131848	0.000307177948351002	0.0021153390534171274	0.78034168	42.67921448	0.83489161	0.05913156204354725	0.00748062	3e-05
0.0485	-0.4205	0.3828	0.006789330790257941	0.00037350045992678646	0.0022549653935766737	0.86415559	47.26324463	0.87384971	0.14628775653373952	0.00941551	3e-05
0.0565	-0.1714	0.3933	0.007159340591680739	0.0002617993877991494	0.0024486969405480446	1.23814559	67.71787262	1.01981397	0.3013721210260903	0.00866151	3e-05
0.0594	-0.474	0.3778	0.008009315937401978	0.0008150687606813518	0.002885029253546627	1.40646577	76.92380524	1.08782215	0.4129788515801012	0.0106255	8e-05
0.0661	-0.3159	0.4069	0.008299040593233036	0.000582939970166106	0.002893755899806598	1.00910759	55.19110489	0.91931808	0.22042900463031367	0.00769335	4e-05
0.0664	-0.358	0.3803	0.008435176274888594	0.0007871434926494425	0.0030246555937061734	0.82459438	45.09952545	0.85795373	0.09256194490192339	0.00748724	5e-05
0.0699	-0.2274	0.4029	0.008258898020437168	0.0006422811647339132	0.002958333082130389	0.9008013	49.26750946	0.87242259	0.17607315469713689	0.00705051	4e-05
0.0686	-0.3213	0.373	0.00861494518784401	0.0005794493116621174	0.0031293753488258326	0.84711456	46.33122253	0.85706345	0.15459606435870404	0.00692028	2e-05
0.0718	-0.1919	0.3876	0.008285077959217083	0.00039095375244672985	0.003152064629101759	0.90145248	49.30312347	0.87555479	0.1742526034059121	0.0075016	3e-05
0.0708	-0.3098	0.3572	0.008244935386421213	0.000736528944341607	0.0033580134808370897	0.88991451	48.67207718	0.87009693	0.17888333082130392	0.00656587	4e-05
0.0782	-0.2386	0.384	0.00802153324216594	0.0006527531402458793	0.0035447637108004834	0.84065509	45.97793198	0.85275168	0.13009640891571975	0.00717849	3e-05
0.0805	-0.3616	0.3486	0.00821177413063332	0.0008726646259971648	0.003766420525803763	0.93932331	51.37439346	0.89435493	0.19229045946109724	0.00801808	6e-05
0.0851	-0.3361	0.398	0.00809832772925369	0.0008203047484373349	0.003902556207459321	0.85207874	46.60272598	0.86284632	0.0945970980297509	0.00760835	3e-05
0.0878	-0.355	0.3554	0.008543386688512244	0.0009162978572970229	0.004143411644234539	0.85399526	46.70754623	0.86403066	0.103295375244673	0.00777137	1e-05
0.0911	-0.4366	0.3925	0.008616690517096005	0.0009285151620609833	0.004344124508213886	0.87630862	47.92793274	0.87128092	0.13631169986635347	0.00954026	2e-05
0.0975	-0.2713	0.3607	0.007794640439406676	0.001129228026040331	0.004368559117741807	1.00063717	54.72782898	0.91667337	0.25585987755982986	0.0078606	7e-05
0.1144	-0.377	0.3329	0.005932374127528725	0.0025394540616517493	0.004176572900022431	0.99307281	54.31411362	0.93226963	0.32362392826043734	0.00981808	0.00013
0.1127	-0.325	0.3149	0.0064943701466709	0.0021258110289290935	0.004241150082346221	0.83582884	45.71397018	0.86377145	0.12371081170943105	0.00778884	5e-05
0.1154	-0.1707	0.3658	0.00632507320922745	0.0018709929581379211	0.004536110725933263	0.9791308	53.55158234	0.90755277	0.24385378259108323	0.00922114	0.0001
0.1175	0.001	0.3719	0.006773622826989993	0.0014748032179352085	0.00473682358991261	1.08737421	59.47173691	0.97769581	0.2321726110972301	0.0193167	0.00053
0.1126	-0.3906	0.3153	0.007387978723691997	0.0017191493132144146	0.004972443038931845	1.69294989	92.59247589	1.24029735	0.5078160720500222	0.00938362	7e-05
0.1102	-0.283	0.3684	0.007686430025783027	0.001499237827463129	0.0047088983218807005	0.9809742	53.65240479	0.91691189	0.202195375244673	0.00812793	7e-05
0.1131	-0.3839	0.3553	0.008286823288469077	0.001614429558094755	0.004902629868852071	0.96632683	52.85129547	0.91029841	0.16236582701445235	0.00936663	6e-05
0.1134	-0.38	0.4031	0.008271115325201127	0.0015027284859671175	0.004804891430740389	0.84529781	46.2318573	0.86167894	0.0632573736753635	0.00913209	3e-05
0.1145	-0.3477	0.3879	0.008475318847684463	0.0016388641676226754	0.00493404579538797	0.80536461	44.04779053	0.84314066	0.07207467843932373	0.00889868	4e-05
0.1153	-0.3626	0.4234	0.008354891129296856	0.001609193570338772	0.004981169685191816	0.80439866	43.99496078	0.84328498	0.0610611102737678	0.0091601	4e-05
0.1144	-0.2905	0.3996	0.008410741665360674	0.0016859880574265225	0.0049672070511758626	0.82614619	45.18439865	0.85153816	0.10413038285837611	0.00834215	2e-05
0.1145	-0.3588	0.4176	0.00860272788308005	0.0016720254234105676	0.0049898963314517885	0.80097866	43.80791092	0.83956494	0.09783190660056286	0.00913709	3e-05
0.1168	-0.211	0.3981	0.008628907821859965	0.001635373509118687	0.005017821599483697	0.93582284	51.18294144	0.89423686	0.17413785605518528	0.00962418	6e-05
0.1166	-0.3692	0.4185	0.008779006137531478	0.0016964600329384882	0.005138249317871306	0.94909501	51.90883636	0.89520093	0.19538062789394608	0.00994664	6e-05
0.1181	-0.2265	0.4063	0.008728391589223642	0.001635373509118687	0.005105088062083414	0.90842867	49.68467331	0.8828432	0.1636431163957764	0.0105729	6e-05
0.1168	-0.4301	0.4163	0.00884358331985527	0.001656317460142619	0.005148721293383272	1.04608059	57.21326828	0.93333724	0.2238884456477708	0.0119389	7e-05
0.1174	-0.2666	0.4362	0.008773770149775494	0.001614429558094755	0.0050893800988154655	0.93549287	51.1648941	0.88808775	0.1925521133347722	0.0100081	4e-05
0.1148	-0.5	0.4434	0.00903731486682664	0.0016842427281745281	0.005120796025351363	1.12655079	61.61442184	0.9636092	0.2614386906833408	0.0135565	3e-05
0.1169	-0.2458	0.4493	0.008792968771547434	0.0015638150097869194	0.005044001538263612	1.21489251	66.4460907	1.00003885	0.2842784150377282	0.0102949	5e-05
0.1163	-0.5183	0.42	0.00915076126820627	0.0018151424220741027	0.005248205060746949	1.26860619	69.38385773	1.02324545	0.34306617157146774	0.0135975	6e-05
0.1157	-0.3741	0.4599	0.009100146719898434	0.0016947147036864942	0.005108578720587403	0.93292493	51.02444458	0.88537916	0.20023343034274949	0.0105118	4e-05
0.1137	-0.459	0.431	0.009442231253289324	0.001801179788058148	0.00518013721991917	0.83514231	45.67642212	0.85167926	0.14180540585471554	0.012225	4e-05
0.1144	-0.2935	0.4717	0.009245009047813963	0.0016493361431346415	0.005061454830783556	0.98815948	54.04538727	0.90582851	0.23028741197672412	0.010626	7e-05
0.1156	-0.3598	0.4355	0.009347983473681628	0.001858775653373961	0.005276130328778859	0.84393829	46.15750122	0.8556929	0.1300544717051144	0.0109568	6e-05
0.1128	-0.2874	0.4847	0.009112364024662395	0.0017732545200262388	0.005229006438975011	0.861332	47.10881424	0.86496359	0.14281322360854015	0.0108969	4e-05
0.111	-0.2872	0.4304	0.008511970761976346	0.002228785454796759	0.004907865856608054	0.82395691	45.06465912	0.85678134	0.1251532389911763	0.00973576	3e-05
0.1168	-0.3821	0.4011	0.007536331710111515	0.0031834805556376572	0.00463559449329694	0.88057691	48.16137695	0.89439586	0.24013027580084215	0.0102836	0.00017
0.1112	-0.3137	0.4366	0.008121017009529614	0.003134611336581816	0.004593706591249075	0.87046027	47.60806656	0.8918929	0.1432721210260902	0.0106773	0.00012
0.1096	-0.1557	0.4946	0.008210028801381325	0.0027296949501191318	0.0046251225177849735	1.06274939	58.12493134	0.94830112	0.24386720524251465	0.0133895	0.00011
0.1119	-0.4794	0.4476	0.008447393579652554	0.002764601535159018	0.004914847173616032	1.38943207	75.99217987	1.07782609	0.4010998009571086	0.0125326	3e-05
0.1097	-0.4592	0.4922	0.008634143809615948	0.002562143341927676	0.004831071369520303	0.8386721	45.86947632	0.8648105	0.0906492113645232	0.0132367	3e-05
0.1084	-0.3809	0.4892	0.008693485004183755	0.0025080381351158514	0.004803146101488395	0.86844522	47.49785995	0.87389554	0.08966858347057699	0.0115216	4e-05
0.1094	-0.5269	0.5284	0.008787732783791448	0.002567379329683659	0.004804891430740389	0.97178644	53.14989853	0.91044309	0.19396671517137473	0.0173824	5e-05
0.1106	-0.3152	0.5409	0.008560839981032187	0.0025289820861397836	0.004769984845700502	1.0524683	57.5626297	0.93710213	0.2404098315671513	0.0122746	4e-05
0.111	-0.4385	0.5409	0.00853466004225227	0.0025883232807075904	0.004778711491960474	0.85304493	46.65557098	0.85799463	0.1284123889803847	0.0143087	3e-05
0.1117	-0.2948	0.5233	0.00854164135926025	0.002537708732399755	0.004686209041604775	0.89010513	48.68250275	0.8675253	0.16950491578357563	0.011187	2e-05
0.1164	-0.3793	0.5337	0.008517206749732328	0.0025865779514555962	0.004885176576332128	0.80145365	43.83388901	0.83818685	0.11321356816555572	0.0133432	3e-05
0.1155	-0.0845	0.6001	0.008114035692521638	0.002363175807200322	0.004804891430740389	1.44802713	79.1969223	1.12992889	0.3974429173528852	0.0221828	0.00145
0.1144	-0.1348	0.6301	0.007333873516880173	0.0022794000031045943	0.0048904125640881115	0.94968796	51.94126511	0.92360617	0.1288729556542458	0.0280918	0.00256
0.1054	-0.7265	0.474	0.008217010118389304	0.002432988977280095	0.004553564018453206	2.3354764	127.73416901	1.57903702	0.8254787060659768	0.0233478	0.00026
0.0927	-0.961	0.4942	0.009180431865490174	0.002385865087476248	0.004038691889114879	1.27914178	69.96007538	1.09431668	0.34367088831215215	0.0429253	0.00381
0.0856	-0.7289	0.5732	0.00965516142203263	0.0024434609527920616	0.0038990655489553323	1.08255279	59.20803833	0.98238994	0.35179758810089085	0.0301266	0.0001
0.0854	-0.4521	0.6016	0.009302604913129776	0.002516764781375823	0.0036669367584400863	1.155339	63.18893814	0.990925	0.338299456400093	0.0171593	5e-05
0.0825	-0.3374	0.6181	0.009468411192069237	0.002542944720155738	0.0036320301734002	0.8002156	43.76617813	0.83458841	0.14544464013796307	0.0159755	6e-05
0.0814	-0.1834	0.6132	0.009199630487262111	0.00244695161129605	0.003452261260444784	0.92829299	50.77111053	0.89188155	0.18722713633111143	0.0159774	8e-05
0.0783	-0.1947	0.6	0.00949808178935314	0.0023998277214922034	0.0034068826998929313	0.77658188	42.47357941	0.84914883	0.047147687622336426	0.0164205	6e-05
0.0816	-0.2363	0.6189	0.009618509507740751	0.0024870941840919192	0.0033911747366249826	0.79690033	43.58485413	0.85065578	0.07497010721276381	0.0165796	0.00013
0.0847	-0.1982	0.6601	0.009405579338997442	0.0022794000031045943	0.0033248522250491977	0.86254591	47.17520905	0.87224336	0.106747343065321	0.0191267	0.00012
0.0821	-0.4294	0.6349	0.009946631407115682	0.00214850030920502	0.003459242577452761	1.20244801	65.76546478	1.00531367	0.2993171057210689	0.0190745	4e-05
0.0812	-0.7158	0.6421	0.010552260657557717	0.0019949113350295183	0.0034609879067047556	1.28227007	70.13117218	1.06696995	0.3325481776934765	0.0323205	0.00015
0.0787	-0.5573	0.6936	0.010213666782670817	0.001748819910498318	0.0033964107243809652	0.98319983	53.77413177	0.92261223	0.24496312408709447	0.024801	3e-05
0.0787	-0.7274	0.662	0.010629055144645468	0.00182212373908208	0.0035377823937925057	1.01307571	55.40813065	0.92844774	0.2332031929984976	0.0316867	8e-05
0.0792	-0.8194	0.681	0.010704104302481223	0.0018727382873899156	0.0035831609543443585	0.85472661	46.74754715	0.88564715	0.12005211333477216	0.0394694	0.00045
0.0762	-0.5418	0.693	0.010777408131064986	0.0016109388995907662	0.0034365532971768345	1.19308925	65.2536087	1.01517058	0.3166855436775218	0.0243767	2e-05
0.0742	-0.6338	0.6797	0.011199777810047613	0.001583013631558857	0.003438298626428829	0.79265368	43.35259247	0.83954724	0.12990201381332664	0.029731	7e-05
0.0709	-0.3539	0.7068	0.010906562495712565	0.00147131255943122	0.003218387140677544	1.20440757	65.87264252	1.00508263	0.3415413936106986	0.0220432	6e-05
0.0677	-0.4524	0.6812	0.011374310735247044	0.0015690509975429022	0.003164281933865719	0.81653929	44.65896988	0.8450098	0.15827959422289936	0.0234397	6e-05
0.0673	-0.4008	0.7076	0.011491247795130666	0.001574286985298885	0.0031293753488258326	0.73286104	40.0823555	0.81262578	0.08625398163397456	0.0239285	4e-05
0.0664	-0.3411	0.7104	0.011440633246822828	0.0015184364492350666	0.0031049407392979124	0.77623928	42.45484161	0.84230256	0.06994498469497881	0.0231855	6e-05
0.067	-0.5431	0.7128	0.011829841670017565	0.001452113937659282	0.003115412714809878	1.0185194	55.70586395	0.92568993	0.2283001455141243	0.0291594	8e-05
0.0689	-0.4361	0.7416	0.011498229112138644	0.0013753194505715315	0.0030281462522101614	0.8597489	47.02223206	0.8629879	0.16248367537831945	0.0263474	6e-05
0.068	-0.5843	0.7004	0.011760028499937793	0.001446877949903299	0.0031171580440618727	0.96293563	52.66582108	0.9056419	0.21141848394913143	0.0285866	8e-05
0.068	-0.7048	0.7393	0.01140398133253095	0.0014451326206513049	0.0031014500807939236	0.9295513	50.83993149	0.90751833	0.1780750229963392	0.0350963	0.00025
0.0693	-0.4462	0.7566	0.010487683475233926	0.001593485607070823	0.003153809958353753	1.2544179	68.60785675	1.04855615	0.3330505360638187	0.0255321	0.0001
0.0846	-0.7185	0.6761	0.009047786842338604	0.002769837522915001	0.0030997047515419294	1.27080965	69.50437164	1.05477277	0.5016176877775662	0.0304905	0.00027
0.0803	-0.82	0.6759	0.009838420993492036	0.0025499260371637153	0.003110176727053895	0.93882614	51.3472023	0.90961785	0.1570508806208342	0.0381379	0.0005
0.0746	-0.6325	0.7393	0.009859364944515966	0.002310815929640492	0.0030700341542580253	1.08354092	59.26208496	0.96749467	0.2716098315671511	0.0318244	8e-05
0.0716	-0.3162	0.7631	0.009854128956759984	0.0020001473227855013	0.0031922072018976287	1.41516411	77.39954376	1.11887905	0.3650038821125289	0.0252438	0.00023
0.0722	-0.5695	0.713	0.010044369845227366	0.002190388211252884	0.0032498030672134413	1.21702111	66.56251526	1.00325008	0.32590388211252885	0.0267003	2e-05
0.0681	-0.6029	0.7492	0.010248573367710704	0.0021921335405048776	0.003160791275361731	0.84734821	46.34400177	0.87134266	0.08844803217935211	0.0299172	7e-05
0.0618	-0.377	0.771	0.01041263431739817	0.002064724505109292	0.0029880036794142917	1.0782187	58.97099304	0.95601582	0.2772128790515246	0.0255229	6e-05
0.0587	-0.5372	0.7792	0.01060636586436954	0.0020717058221172693	0.0030281462522101614	0.92841351	50.77770233	0.89096885	0.18354277183876083	0.0301221	5e-05
0.0582	-0.3649	0.8013	0.010499900779997887	0.0018849555921538759	0.002981022362406315	0.93168467	50.95661163	0.88671749	0.21191696020694467	0.0280173	6e-05
0.0605	-0.5674	0.783	0.010723302924253159	0.001963495408493621	0.003085742117525975	1.00319517	54.867733	0.91668724	0.24343308578573383	0.0325574	8e-05
0.0612	-0.4803	0.8118	0.010524335389525807	0.0019006635554218248	0.0029949849964222694	0.78331971	42.84209061	0.83057773	0.13422782544514264	0.0314694	3e-05
0.0654	-0.6122	0.7888	0.010749482863033075	0.002040289895581371	0.0031817352263856626	0.86180401	47.13463211	0.86167694	0.1866762021815104	0.0354064	0.00013
0.068	-0.5658	0.8243	0.010595893888857573	0.0018657569703819383	0.0031730085801256907	0.75095654	41.072052	0.82179608	0.1013424272817454	0.0350562	0.00013
0.0674	-0.6429	0.7998	0.010930997105240484	0.001912880860185785	0.0032882003107573173	0.78242874	42.79336166	0.82802268	0.12707094184091935	0.0369158	0.00021
0.0696	-0.622	0.8347	0.010847221301144759	0.0017889624832941875	0.003333578871309169	0.77339882	42.29948807	0.83561863	0.0706536370769588	0.0383223	0.00023
0.0692	-0.5646	0.8111	0.011058406140636072	0.0018308503853420514	0.0034330626386728466	0.80340105	43.94039917	0.84689143	0.09902782544514269	0.0338311	0.00014
0.0713	-0.6526	0.8268	0.011063642128392056	0.0019111355309337906	0.003501130479500625	0.80864751	44.22734451	0.84848348	0.11347944870877497	0.0388746	0.00026
0.0706	-0.4506	0.8266	0.010911798483468547	0.00182212373908208	0.0034365532971768345	1.03758299	56.74850845	0.94600833	0.2181716309549504	0.03111	7e-05
0.073	-0.6432	0.8173	0.01102175422634419	0.001963495408493621	0.0035465090400524776	0.99970621	54.67691422	0.92433813	0.2223641577581413	0.0372465	0.00023
0.0741	-0.3962	0.8489	0.010805333399096893	0.0018552849948699724	0.003488913174736664	1.16244924	63.57781219	0.99695859	0.2988113553093379	0.0321296	8e-05
0.0749	-0.6815	0.7987	0.011253883016859437	0.001998401993533507	0.0036337755026521943	1.25636792	68.71450806	1.03465374	0.3731264472170805	0.0377718	0.00023
0.0772	-0.5325	0.8469	0.010992083629060288	0.0017610372152622785	0.0035098571257605967	0.95157385	52.04441071	0.90026503	0.2306541271480988	0.0351516	0.00014
0.077	-0.5918	0.8145	0.011191051163787642	0.001839577031602023	0.003502875808752619	0.82350785	45.0401001	0.85365514	0.10612443340375383	0.0349668	0.0002
0.0796	-0.6498	0.8372	0.011192796493039633	0.0017662732030182616	0.0034766958699727043	0.78686935	43.03623199	0.84086331	0.08836145483078348	0.03988	0.00028
0.0749	-0.5278	0.8318	0.011088076737919976	0.001811651763570114	0.003371976114853045	0.85818708	46.93680954	0.86716457	0.14484090353955853	0.0337983	0.0001
0.0755	-0.6482	0.8416	0.01107760476240801	0.0018325957145940458	0.0034103733583969193	0.8535291	46.68205261	0.86597222	0.13429065850398855	0.0394192	0.00025
0.0771	-0.444	0.8335	0.011000810275320258	0.0016842427281745281	0.003447025272688801	1.04315674	57.05335236	0.94770949	0.22698996938995755	0.0320829	0.00011
0.0796	-0.6886	0.8143	0.011301006906663283	0.0018744836166419098	0.0035377823937925057	1.13140166	61.87973022	0.98593086	0.2953597320457056	0.0401242	0.00036
0.0783	-0.4416	0.8576	0.011175343200519692	0.0017383479349863521	0.0034400439556808234	1.18659949	64.89866638	1.01036301	0.3095768912955416	0.0341403	0.00011
0.0762	-0.6765	0.8208	0.01138478271075901	0.0018727382873899156	0.003485422516232676	1.16186309	63.54575348	0.99762711	0.2932604211597368	0.039977	0.00035
0.0762	-0.5637	0.8752	0.011191051163787642	0.0017435839227423352	0.00342259066316088	0.88990283	48.67144012	0.88015631	0.18648588823453724	0.0390483	0.00024
0.0735	-0.639	0.8399	0.011412707978790921	0.0018465583486100008	0.003506366467256608	0.82610685	45.18224716	0.85143281	0.13372035224833365	0.0391896	0.00032
0.0763	-0.5807	0.8758	0.011157889907999749	0.0017645278737662671	0.003478441199224699	0.82503527	45.12363815	0.85582156	0.1152386906833408	0.0397161	0.0003
0.0741	-0.5942	0.833	0.011430161271310866	0.0017418385934903407	0.0034871678454846703	0.78872013	43.13745499	0.83950827	0.07368436449235073	0.0363776	0.00019
0.0761	-0.6374	0.8655	0.011269590980127387	0.0017453292519943296	0.003492403833240653	0.79917789	43.70942307	0.84665741	0.0861648468721726	0.0405706	0.00035
0.076	-0.4875	0.8483	0.011218976431819553	0.0017208946424664088	0.003516838442768574	0.95477557	52.21952438	0.91255918	0.1721741883681837	0.0337303	0.00012
0.0783	-0.7401	0.8424	0.011440633246822828	0.0017767451785302276	0.0035674529910764093	1.16655922	63.80260468	1.00497241	0.27720609496874654	0.0441783	0.00058
0.0744	-0.5454	0.8679	0.011503465099894626	0.0017505652397503124	0.003485422516232676	0.98210752	53.7143898	0.91691957	0.2326521133347723	0.0380244	0.00026
0.0767	-0.7047	0.8543	0.01169894197611799	0.0017715091907742446	0.0035046211380046137	0.91630352	50.1153717	0.89076287	0.18698097245096168	0.0450909	0.00062
0.0736	-0.4735	0.8933	0.011388273369263	0.0016982053621904826	0.003447025272688801	1.07811689	58.9654274	0.95973274	0.29537841503772827	0.0380433	0.0003
0.0653	-0.6753	0.8456	0.011887437535333379	0.001778490507782222	0.0032480577379614467	1.01837802	55.69813156	0.93051502	0.29672084231947365	0.0425528	0.00054
0.0634	-0.4977	0.9066	0.011711159280881954	0.001579522973054868	0.003080506129769991	0.98806119	54.04001236	0.92093591	0.2676398698685117	0.0397519	0.00041
0.0627	-0.7046	0.8604	0.012128292972108596	0.0017121679962064373	0.0031974431896536117	1.05688596	57.804245	0.94855074	0.28713578871309153	0.0443269	0.00078
0.0658	-0.6645	0.8894	0.01196074136391714	0.0016074482410867775	0.003162536604613725	0.81730056	44.70060349	0.85469801	0.08755889741755005	0.0452807	0.00079
0.0638	-0.6489	0.8617	0.01202182788773694	0.0016336281798666925	0.0031747539093776853	0.80859959	44.22472382	0.85471331	0.050274188368183675	0.0418169	0.00062
0.0663	-0.7382	0.8843	0.012231267397976262	0.001579522973054868	0.0031555552876057474	0.83272898	45.54442978	0.8638617	0.1285371669411541	0.0484959	0.0013
0.0657	-0.55	0.8824	0.011986921302697054	0.0015481070465189703	0.0031834805556376572	0.98104489	53.65626907	0.92559252	0.20588436449235067	0.0395534	0.0005
0.0775	-0.7054	0.873	0.010648253766417403	0.002820452071222836	0.0032044245066615894	0.98899215	54.09093094	0.931658	0.30819782560037234	0.0449173	0.00058
0.0866	-0.634	0.854	0.009875072907783916	0.002981022362406315	0.0033597588100890844	0.83226389	45.51899338	0.86616721	0.1539542726622231	0.0413552	0.00025
0.0835	-0.5791	0.8864	0.010402162341886203	0.0025551620249196984	0.0035482543693044722	0.7662068	41.90613556	0.83103901	0.1474722665402146	0.0401899	0.00021
0.0789	-0.3279	0.9134	0.010444050243934069	0.0021607176139689798	0.0035098571257605967	1.21128321	66.24868774	1.03046599	0.3065364778271229	0.0372174	0.00041
0.0761	-0.6701	0.8585	0.010999064946068265	0.002331759880664424	0.0036285395148962112	1.45379293	79.51226807	1.13115634	0.44213696789826257	0.0419186	0.00036
0.0784	-0.7028	0.8866	0.010807078728348888	0.00231779724664847	0.0036215581978882336	0.84188133	46.04500198	0.87610593	0.0737465084371654	0.0452974	0.00051
0.0766	-0.5175	0.8976	0.01077915346031698	0.002155481626212997	0.003572688978832392	1.03408146	56.55699539	0.95291208	0.21005550537616097	0.0387388	0.00021
0.0748	-0.8212	0.9044	0.011241665712095476	0.00238237442897226	0.003679154063204046	1.31823432	72.09816742	1.08840361	0.35209350694547076	0.0550376	0.00163
0.0729	-0.5854	0.9413	0.011000810275320258	0.0021676989309769574	0.0035517450278084606	1.10162091	60.2509346	0.97666042	0.30374699850830533	0.0450228	0.00059
0.0737	-0.7315	0.9107	0.011088076737919976	0.0022759093446006054	0.003637266161156183	0.90478879	49.4855957	0.88597522	0.19154990047855447	0.0495936	0.00095
0.0726	-0.6155	0.9445	0.011046188835872113	0.002155481626212997	0.0035674529910764093	0.85027325	46.50397873	0.86533755	0.16250643952576227	0.0473425	0.00065
0.071	-0.615	0.9166	0.011133455298471828	0.002234021442552742	0.0036093408931242737	0.75577176	41.33541107	0.82950736	0.04038470904936628	0.0447783	0.0005
0.0702	-0.6414	0.9329	0.011232939065835505	0.0022270401255447643	0.0035744343080843866	0.75441545	41.26123047	0.83322997	0.05056858347057704	0.047814	0.00077
0.0714	-0.5231	0.9269	0.011217231102567558	0.002267182698340634	0.0036180675393842456	0.86511451	47.3156929	0.88005625	0.13047418836818372	0.0424883	0.00048
0.074	-0.6664	0.9396	0.011348130796467132	0.0023527038316883565	0.0037402405870238476	0.89379066	48.88407516	0.88975679	0.1755296937443449	0.0498257	0.00098
0.0743	-0.5043	0.9494	0.011390018698514994	0.0022427480888127134	0.003750712562535814	0.95206672	52.07136917	0.91150585	0.18031578102177367	0.0450759	0.00057
0.0713	-0.6253	0.9127	0.010927506446736497	0.0028379053637427798	0.003707079331235956	0.91744494	50.17779922	0.8977769	0.2157651379004212	0.0455635	0.00061
0.0896	-0.6663	0.863	0.009346238144429635	0.004351105825221863	0.003417354675404897	0.90885562	49.70802307	0.92018427	0.27820967098085025	0.0441126	0.0005
0.0848	-0.6358	0.8715	0.010204940136410845	0.0034644785652087444	0.0036163222101322505	0.76758868	41.98171234	0.83931955	0.14101483933608416	0.0427189	0.0003
0.0849	-0.4461	0.9332	0.010234610733694749	0.0030176742766981957	0.0037315139407638766	1.05865633	57.90107346	0.95226194	0.28108333082130393	0.0401253	0.00027
0.0793	-0.6052	0.886	0.010639527120157432	0.002823942729726825	0.003778637830567723	1.03222322	56.45536804	0.93589311	0.244188591161895	0.040837	0.00029
0.0776	-0.7533	0.9033	0.01077915346031698	0.0026878070480712674	0.0037384952577718534	0.98970234	54.12977219	0.9444668	0.18289522973054875	0.049492	0.00101
0.075	-0.515	0.9091	0.010681415022205296	0.002452187599052033	0.0036931166972200015	1.1701597	63.99952316	1.01645952	0.2656368223841385	0.0395425	0.00028
0.0665	-0.8279	0.8596	0.011201523139299608	0.0025638886711796703	0.0035482543693044722	1.34569156	73.59988403	1.10081458	0.40973357585687387	0.0513401	0.00113
0.0659	-0.5603	0.9019	0.010927506446736497	0.002389355745980237	0.0034697145529647274	1.17465663	64.24547577	1.0070585	0.3368544717051144	0.0402219	0.00028
0.0629	-0.6953	0.8829	0.011220721761071544	0.002441715623540067	0.003532546406036523	0.89447993	48.92177582	0.88136213	0.17742035224833366	0.0453473	0.00054
0.0612	-0.5205	0.927	0.011054915482132083	0.0022183134792847924	0.0034714598822167216	0.93960506	51.38980103	0.89723718	0.24311474735072697	0.0411398	0.00034
0.0631	-0.6263	0.902	0.011257373675363426	0.0022270401255447643	0.003560471674068432	0.81353033	44.49440002	0.84854986	0.14770983156715128	0.0442699	0.00053
0.063	-0.4907	0.9291	0.010999064946068265	0.0021013764194011725	0.0034836771869806815	0.88654983	48.48805237	0.87711846	0.18583834612632516	0.0407505	0.00034
0.0594	-0.6068	0.9049	0.011314969540679239	0.002141518992197042	0.003455751918948773	0.87350374	47.77452469	0.87298419	0.1630986217719376	0.0437405	0.00052
0.0586	-0.5454	0.948	0.011262609663119408	0.0020106192982974674	0.003333578871309169	0.83179998	45.49362183	0.85817611	0.12057163095495038	0.0449454	0.00062
0.0603	-0.6206	0.9132	0.011473794502610721	0.0021205750411731105	0.003502875808752619	0.84698516	46.32414246	0.87324686	0.13622187599052027	0.0454556	0.00069
0.0644	-0.6178	0.9429	0.011276572297135364	0.0021048670779051613	0.003565707661824415	0.80009526	43.75959396	0.8484873	0.05038810109075512	0.047472	0.00079
0.0645	-0.5902	0.9017	0.011383037381507017	0.0021048670779051613	0.00364424747816416	0.84160751	46.03002548	0.87211731	0.07815024503557001	0.0424082	0.00045
0.0643	-0.7779	0.9254	0.011405726661782942	0.0021676989309769574	0.003680899392456041	1.03102517	56.38984299	0.95782798	0.21770865238198023	0.0534459	0.00155
0.0641	-0.5786	0.9346	0.011328932174695192	0.0020141099568014562	0.0037297686115118824	1.0243578	56.02518463	0.94558892	0.22266263401595465	0.04359	0.0005
0.0628	-0.8165	0.92	0.011676252695842066	0.0020682151636132805	0.003717551306747922	1.11111963	60.77044296	0.99136138	0.2744821516361329	0.0553005	0.00202
0.0644	-0.5386	0.9557	0.011168361883511715	0.001960004749989632	0.0037402405870238476	1.20158088	65.71804047	1.02448796	0.3471395253114962	0.0438653	0.0006
0.0652	-0.7315	0.9224	0.011616911501274255	0.002015855286053451	0.003785619147575701	0.99288476	54.30382919	0.92377793	0.2544889357189107	0.0502836	0.0013
0.0652	-0.5561	0.9879	0.011217231102567558	0.0019111355309337906	0.003715805977495928	0.95646846	52.3121109	0.90721546	0.26961066619530655	0.0487223	0.0009
0.0664	-0.6546	0.9752	0.011442378576074823	0.0019687313962496035	0.0037419859162758423	0.79899085	43.69919205	0.84133577	0.12784616388014955	0.0514328	0.00127
0.0673	-0.5769	1.0146	0.011297516248159294	0.0018989182261698304	0.003691371367968007	0.78952765	43.18162155	0.83817023	0.13126450231515685	0.0519892	0.00138
0.0669	-0.6164	0.9823	0.011625638147534229	0.001963495408493621	0.0037646751965517687	0.77594966	42.43899918	0.83689134	0.09550014551412432	0.051712	0.00131
0.0692	-0.5906	1.0272	0.011367329418239067	0.0019163715186897737	0.003754203221039803	0.8084752	44.2179184	0.85527436	0.08879522973054857	0.0538172	0.00161
0.0692	-0.6346	0.9925	0.011683234012850043	0.0019041542139258136	0.0037751471720637348	0.81113547	44.36341858	0.85327572	0.09615329251994323	0.0523386	0.00152
0.0714	-0.7627	1.0164	0.01169894197611799	0.001864011641129944	0.0038362336958835358	0.89177859	48.77402878	0.89647066	0.16004685299418078	0.0616777	0.00343
0.0682	-0.5869	1.0213	0.011554079648202462	0.001780235837034216	0.003829252378875559	0.96776742	52.93008423	0.92711677	0.19568097245096175	0.0525951	0.00151
0.0683	-0.853	0.9924	0.012011355912224977	0.0019303341527057286	0.0038693949516714287	1.17731953	64.39111328	1.03093514	0.32747585762449494	0.0646664	0.00505
0.0682	-0.5725	1.0211	0.011519173063162576	0.0017941984710501708	0.0038327430373795474	1.23719239	67.66574097	1.05092905	0.3425485222504919	0.051953	0.00144
0.0667	-0.8081	0.9867	0.012023573216988935	0.001963495408493621	0.0038606683054114572	1.13448632	62.04843903	0.99690614	0.30658111796508586	0.060498	0.00383
0.0679	-0.6392	1.0433	0.011739084548913861	0.0018029251173101424	0.0038449603421435077	0.96197909	52.61350632	0.91949907	0.24973834612632503	0.0565947	0.00237
0.0646	-0.7374	0.9915	0.012096877045572699	0.0019216075064457567	0.0037978364523396607	0.81844556	44.76322937	0.85569946	0.17947993877991486	0.0569221	0.00253
0.0677	-0.5904	1.0181	0.011707668622377961	0.001837831702350029	0.003787364476827695	0.89823192	49.12698364	0.88407826	0.20087281014012157	0.0524344	0.00161
0.0676	-0.6701	0.9809	0.01205324381427284	0.0018605209826259553	0.0038327430373795474	0.80528891	44.04365158	0.84907559	0.13768215163613287	0.0534438	0.00188
0.068	-0.5858	1.0199	0.011691960659110014	0.001748819910498318	0.0037699111843077517	0.83196354	45.50256729	0.85722528	0.15049080401811304	0.0535602	0.00162
0.0668	-0.6061	0.9846	0.011836822987025543	0.0017016960206944712	0.0037088246604879502	0.79747087	43.61605835	0.85352851	0.06945363707695884	0.0513501	0.00135
0.0681	-0.6703	1.0159	0.011691960659110014	0.0017139133254584315	0.0036704274169440743	0.79899162	43.69923401	0.84922589	0.10657384381116829	0.0566131	0.00229
0.068	-0.5996	0.997	0.011768755146197764	0.0017226399717184032	0.003728023282259888	0.80786496	44.18454361	0.85944274	0.09685584993317677	0.0515867	0.00149
0.0694	-0.8014	0.992	0.011911872144861299	0.0017348572764823637	0.0037315139407638766	1.01513207	55.52059937	0.94754993	0.2161412480965742	0.0608924	0.00372
0.0693	-0.492	1.0403	0.011341149479459155	0.0016458454846306526	0.0038100537571036214	1.37606573	75.26113892	1.12036268	0.39471371367968	0.0524096	0.00159
0.0681	-0.6674	0.9886	0.011768755146197764	0.0016720254234105676	0.0038833575856873836	0.99695879	54.52664948	0.92742587	0.2546544717051143	0.0525141	0.00146
0.067	-0.8706	0.9085	0.010053096491487336	0.0028099800957108703	0.0033300882128051803	1.18358445	64.73376465	1.02005373	0.4547441349946468	0.056402	0.00214
0.0642	-0.8572	0.8779	0.009042550854582622	0.003871140280923423	0.0029740410453983376	0.88023454	48.1426506	0.9119914	0.16818764947620554	0.0548623	0.0022
0.059	-0.789	0.9232	0.00999724595542352	0.0030455995447301047	0.0030176742766981957	0.82304806	45.01495361	0.87354605	0.20989345341670368	0.0549877	0.00157
0.0552	-0.4709	1.0161	0.00961501884923676	0.0026092672317315226	0.0030647981665020423	1.39021313	76.03490448	1.11899794	0.45808416544945946	0.0487366	0.00093
0.0507	-0.3621	1.0186	0.009646434775772659	0.0023753931119642824	0.0031555552876057474	0.97096121	53.10476303	0.94188243	0.13360235837034212	0.0467213	0.00105
0.0457	-0.7207	0.9285	0.010285225282002585	0.00239459173373622	0.0030316369107141502	1.51464081	82.84022522	1.17553122	0.492795375244673	0.0489097	0.0011
0.0396	-0.7884	0.9186	0.010798352082088918	0.0022026055160168437	0.0027593655474030345	0.88862145	48.60135651	0.90991152	0.13256921905584126	0.0544006	0.00201
0.0365	-0.6057	0.9564	0.010789625435828945	0.0023212879051524586	0.0027558748888990466	1.0177635	55.66452026	0.94547486	0.2301449846949788	0.0482808	0.00095
0.0366	-0.6823	0.974	0.010962413031776383	0.0022427480888127134	0.0027419122548830916	0.79645997	43.56077194	0.84488488	0.10756450231515684	0.0536186	0.00151
0.036	-0.593	0.9944	0.010623819156889484	0.002118829711921116	0.0026790804018112955	0.79350024	43.39889526	0.83934309	0.13656720524251464	0.0512396	0.00115
0.0338	-0.5564	0.9807	0.010519099401769825	0.002082177797629235	0.002647664475275398	0.7734586	42.30275726	0.84327306	0.061139379797371766	0.0486732	0.0009
0.0347	-0.7207	1.0006	0.010548769999053728	0.0020856684561332234	0.0027052603405912107	0.93691796	51.242836	0.90835136	0.18963785605518516	0.0581354	0.00233
0.0332	-0.5859	1.0158	0.010433578268422101	0.00199142067652553	0.0027035150113392165	0.86415827	47.2633934	0.87705011	0.16205924197456587	0.0529598	0.00133
0.0353	-0.7791	1.002	0.010772172143309002	0.0020001473227855013	0.002769837522915001	0.98738194	54.00286102	0.93125205	0.2297821516361329	0.0618984	0.00324
0.0366	-0.6283	1.041	0.01069014166846527	0.0020106192982974674	0.002853613327010729	0.9248265	50.58152008	0.89840074	0.19991391272257125	0.0575191	0.00207
0.0351	-0.7114	1.0032	0.011290534931151317	0.0021101030656611444	0.002967059728390361	0.85241872	46.62132263	0.86927161	0.16306617157146774	0.0571645	0.00207
0.0361	-0.8431	1.015	0.011363838759735078	0.0020839231268812296	0.0029949849964222694	0.86577588	47.35186386	0.88605668	0.15087045176977895	0.0654112	0.00508
0.0358	-0.5768	1.0551	0.010721557595001166	0.0019687313962496035	0.0030159289474462015	1.18984985	65.0764389	1.02889465	0.34562084231947354	0.0550959	0.00164
0.0371	-0.795	1.0061	0.01121548577331556	0.002007128639793479	0.0031223940318178558	1.07090032	58.57073212	0.96331664	0.3004395253114961	0.0609558	0.00327
0.0371	-0.7741	1.0278	0.010857693276656723	0.001970476725501598	0.0030473448739821	0.80236483	43.88372421	0.85714847	0.06607467843932374	0.0614136	0.00372
0.0322	-0.539	1.0445	0.010655235083425382	0.0018709929581379211	0.0029565877528783943	1.12211728	61.3719368	1.00294739	0.27633495408493614	0.0522196	0.00153
0.0344	-0.8283	0.9935	0.01122770307807952	0.0020193459445574393	0.0029949849964222694	1.25660837	68.72766113	1.06020574	0.3804609112308765	0.0612912	0.00418
0.035	-0.7046	1.0292	0.010967649019532366	0.0018308503853420514	0.0029129545215785357	0.90143532	49.30218506	0.89512609	0.18652900463031363	0.0579184	0.00292
0.0325	-0.7242	1.0067	0.011241665712095476	0.0018622663118779497	0.002885029253546627	0.79490441	43.47569275	0.85503654	0.06126789435654573	0.0577786	0.00287
0.0317	-0.6614	1.0512	0.010964158361028377	0.0017872171540421933	0.0028780479365386495	0.8111164	44.36237335	0.85053996	0.1260768912955416	0.058743	0.00263
0.0329	-0.64	1.025	0.011081095420911997	0.0018465583486100008	0.002909463863074547	0.76251358	41.70413971	0.83521942	0.05918470904936621	0.0558899	0.00196
0.0329	-0.6684	1.0499	0.010841985313388773	0.00182212373908208	0.0028780479365386495	0.75605786	41.35105896	0.82950215	0.06804803217935222	0.0593848	0.0028
0.0318	-0.4259	1.0299	0.010334094501058424	0.0018308503853420514	0.0027855454861829498	1.22694004	67.10501099	1.05636931	0.29405599544730093	0.0499238	0.00114
0.033	-0.6	0.9318	0.0091106186954104	0.002597049926967562	0.0023753931119642824	1.11231053	60.83557892	0.99966784	0.3933913860746102	0.0433183	0.00081
0.0362	-0.6257	0.7131	0.006836454680061789	0.002975786374650332	0.002155481626212997	1.29958117	71.07797241	1.11030506	0.3912405974391334	0.0361674	0.00092
0.0335	-0.7169	0.7066	0.005560618996853934	0.003755948550291797	0.0024312436480281013	0.9935773	54.34170532	0.96658725	0.21698799403322108	0.040189	0.00118
0.0206	-0.724	0.7253	0.004206243497306334	0.0032777283352453507	0.0022060961745208325	0.80788779	44.18579102	0.86485006	0.14158715940506572	0.0455183	0.00313
0.014	-0.6006	0.7695	0.004386012410261751	0.0029548424236264	0.0019442967867216831	0.8764388	47.93505096	0.88901395	0.21242271061867576	0.0418047	0.00244
0.0145	-0.2185	0.8337	0.004242895411598215	0.002806489437206882	0.002040289895581371	1.66625166	91.13227081	1.25596567	0.4661731546971371	0.0352595	0.00578
0.0234	-0.1924	0.7742	0.003623303527140228	0.002802998778702893	0.0023265238929084412	1.02661824	56.14881516	0.96886196	0.1399658270144523	0.0394712	0.00581
0.03	-0.4358	0.509	0.0007452555906015787	0.002848377339254746	0.0023876104167282427	1.68133891	91.95743561	1.29412178	0.6644256510455153	0.03508	0.00512
